timestamp,ir temperature in ÂºC (SHT 31),humidity in % (SHT 31),atmospheric pressure in kPa (MPL3115A25),light in Lux (BH1730FVC),PM 1 in ug/m3 (PMS 5003),PM 10 in ug/m3 (PMS 5003),PM 2.5 in ug/m3 (PMS 5003),CO in kOhm (MICS 4514),NO2 in kOhm (MICS 4514),battery in % (Battery SCK 2.0)
2018-08-30 10:40:00 UTC,27.402,58.758,101.954,557.99,12.8,20.8,19.2,153.486,260.516,1.6
2018-08-30 10:50:00 UTC,27.32,56.284,101.995,583.445,15.4,25.1,22.7,93.47,341.006,7.3
2018-08-30 11:00:00 UTC,27.468,54.695,102.022,676.843,16.8,26.3,25,71.706,362.963,15.5
2018-08-30 11:10:00 UTC,27.751,53.392,102.04,663.961,17,28.3,25.8,52.996,370.418,23.3
2018-08-30 11:20:00 UTC,27.887,53.312,102.06,784.61,14,23.2,21.4,51.772,373.607,30.9
2018-08-30 11:30:00 UTC,27.849,53.855,102.074,985.315,13.4,21.9,20.3,56.339,379.05,38.5
2018-08-30 11:40:00 UTC,27.839,54.077,102.068,986.087,13.7,21.5,20,49.021,379.728,46.1
2018-08-30 11:50:00 UTC,28.394,53.761,102.083,886.388,15.4,24.3,22.6,31.985,377.292,53.7
2018-08-30 12:00:00 UTC,27.9655555555556,54.8122222222222,102.093333333333,901.914444444444,15.1111111111111,24,22.7777777777778,43.9488888888889,382.812222222222,61.5555555555556
2018-08-30 12:10:00 UTC,27.4022222222222,56.11,102.09,1104.51,14,23.1111111111111,21.3333333333333,43.6888888888889,382.558888888889,68.7777777777778
2018-08-30 12:20:00 UTC,28.2,54.829,102.094,1205.408,13.9,22.5,21,39.557,383.162,76.3
2018-08-30 12:30:00 UTC,28.45,54.378,102.107,1044.333,12.3,19.9,18.6,48.359,384.353,83.5
2018-08-30 12:40:00 UTC,28.099,55.283,102.11,1096.997,11.8,18.7,17.2,53.298,384.723,91.2
2018-08-30 12:50:00 UTC,28.269,54.741,102.108,1220.449,11.5,18.5,17.2,49.591,385.439,97.8
2018-08-30 13:00:00 UTC,28.383,53.874,102.112,1517.005,10.8,17.9,16.8,58.631,386.783,99
2018-08-30 13:10:00 UTC,28.857,53.3,102.118,1562.457,11.6,18.4,17.2,45.478,384.896,99
2018-08-30 13:20:00 UTC,28.939,52.249,102.123,1681.58,11.6,18,16.9,45.257,387.035,99
2018-08-30 13:30:00 UTC,29.012,51.339,102.117,1988.805,11.7,18.7,17.3,36.669,384.081,99
2018-08-30 13:40:00 UTC,29.182,50.706,102.129,2138.235,10.9,17.6,16.3,50.22,390.816,99
2018-08-30 13:50:00 UTC,28.5625,49.13625,102.11875,1991.6375,10.875,17,16,61.07,391.05375,99
2018-08-30 14:00:00 UTC,28.525,47.84,102.098,1864.132,10.2,15.8,15.1,42.285,385.51,99
2018-08-30 14:10:00 UTC,28.755,46.234,102.098,1953.268,9.9,15.5,14.5,47.998,386.692,99
2018-08-30 14:20:00 UTC,28.8344444444444,44.9977777777778,102.096666666667,2081.34777777778,9.66666666666667,15,14.1111111111111,40.5466666666667,386.417777777778,99
2018-08-30 14:30:00 UTC,28.9283333333333,47.385,102.098333333333,2122.39833333333,10.1666666666667,16.8333333333333,15.5,44.0533333333333,386.901666666667,99
2018-08-30 14:40:00 UTC,29.0542857142857,47.6514285714286,102.098571428571,2268.26571428571,11,17.4285714285714,16.4285714285714,39.4728571428571,386.53,99
2018-08-30 14:50:00 UTC,29.438,47.657,102.098,2371.066,11.5,17.6,16.4,33.392,384.169,99
2018-08-30 15:00:00 UTC,28.969,47.602,102.085,2519.666,10.4,17.2,15.9,71.874,401.041,99
2018-08-30 15:10:00 UTC,29.2911111111111,46.7277777777778,102.096666666667,2390.89888888889,10.2222222222222,16.1111111111111,14.7777777777778,36.8533333333333,385.423333333333,99
2018-08-30 15:20:00 UTC,28.937,47.554,102.082,2525.303,10,15.7,14.4,53.639,393.767,99
2018-08-30 15:30:00 UTC,28.93,47.764,102.071,2745.218,10.4,16.2,15,41.779,385.566,99
2018-08-30 15:40:00 UTC,28.7922222222222,47.7344444444444,102.044444444444,2878.91,9.33333333333333,14.2222222222222,13.5555555555556,43.71,387.013333333333,99
2018-08-30 15:50:00 UTC,28.6,47.79875,102.05,2789.9775,9.375,14.75,13.5,63.50625,395.96125,99
2018-08-30 16:00:00 UTC,28.513,48.121,102.027,1825.518,9,13.7,13,50.163,386.166,99
2018-08-30 16:10:00 UTC,28.751,48.226,102.037,935.318,9.1,14.3,13,40.517,385.908,99
2018-08-30 16:20:00 UTC,28.508,49.086,102.026,923.212,9,13.8,13.2,39.177,384.753,99
2018-08-30 16:30:00 UTC,28.638,48.58,102.024,366.685,11.7,19.2,18.1,43.374,384.624,99
2018-08-30 16:40:00 UTC,28.223,48.732,102.026,1764.415,8.1,13,11.8,53.306,387.784,99
2018-08-30 16:50:00 UTC,28.083,48.983,102.03,1864.165,9,13.8,13,37.147,386.082,99
2018-08-30 17:00:00 UTC,27.95,49.249,101.993,1666.436,9.5,14.4,13.8,30.356,385.168,99
2018-08-30 17:10:00 UTC,29.282,49.696,101.992,525.049,9.6,14.5,13.3,23.893,383.021,99
2018-08-30 17:20:00 UTC,28.68875,49.91125,101.9975,2146.2425,8.375,14.25,12.5,31.8025,383.62875,99
2018-08-30 17:30:00 UTC,28.655,49.951,101.994,1675.564,9.4,15.3,14.1,30.019,384.962,99
2018-08-30 17:40:00 UTC,29.376,50.444,101.991,450.73,9.8,14.8,14,26.064,382.848,99
2018-08-30 17:50:00 UTC,28.5,50.688,102.012,2174.037,9.7,15.3,14.2,25.215,382.426,99
2018-08-30 18:00:00 UTC,27.5355555555556,52.1411111111111,101.983333333333,1176.76333333333,10.7777777777778,17.3333333333333,16.1111111111111,43.5055555555556,386.741111111111,99
2018-08-30 18:10:00 UTC,27.048,53.251,101.973,1126.942,10.8,18.2,16.8,57.42,395.968,99
2018-08-30 18:20:00 UTC,27.045,54.086,101.958,1236.731,11.4,18.5,17,43.004,389.285,99
2018-08-30 18:30:00 UTC,26.737,54.73,101.941,867.378,11.2,18.7,17,45.852,388.404,99
2018-08-30 18:40:00 UTC,26.601,54.811,101.956,545.673,10.9,18.2,16.2,48.034,391.207,99
2018-08-30 18:50:00 UTC,26.415,55.445,101.951,492.771,11.1,18.8,17.6,45.759,390.177,99
2018-08-30 19:00:00 UTC,26.351,55.741,101.967,231.459,11.2,18.8,17.2,51.11,390.573,99
2018-08-30 19:10:00 UTC,26.099,55.591,101.956,201.349,10,18,16.2,66.586,397.939,99
2018-08-30 19:20:00 UTC,25.994,55.793,101.95,157.894,9.4,17.9,15.8,39.376,390.553,99
2018-08-30 19:30:00 UTC,25.915,55.62875,101.95875,181.0825,9.375,17.5,15.5,41.86,390.71,99
2018-08-30 19:40:00 UTC,25.825,55.718,101.956,190.685,9.6,18.1,16,47.947,392.259,99
2018-08-30 19:50:00 UTC,25.591,55.708,101.948,88.724,9.8,18.8,16.4,50.728,392.082,99
2018-08-30 20:00:00 UTC,25.476,55.57,101.951,15.286,9.8,19,17.5,57.86,393.123,99
2018-08-30 20:10:00 UTC,25.524,56.174,101.963,9.349,9.8,18.3,16.7,40.572,391.669,99
2018-08-30 20:20:00 UTC,25.576,56.616,101.973,11.479,10.3,19.2,17.1,59.685,392.233,99
2018-08-30 20:30:00 UTC,25.482,57.599,101.975,8.318,10.6,20.2,18.2,63.559,393.84,99
2018-08-30 20:40:00 UTC,25.536,57.906,101.979,7.045,10.3,20.3,17.8,67.888,394.027,99
2018-08-30 20:50:00 UTC,25.44,58.328,101.995,6.322,10.3,19.9,17.8,66.742,393.352,99
2018-08-30 21:00:00 UTC,25.542,58.243,102.014,6.373,10.4,19.6,17.6,61.724,394.022,99
2018-08-30 21:10:00 UTC,25.506,58.643,102.024,2.375,9.9,19.5,17.5,68.15,393.595,99
2018-08-30 21:20:00 UTC,25.536,59.1,102.027,1.938,10.5,20.5,18.2,59.6,393.488,99
2018-08-30 21:30:00 UTC,25.542,59.465,102.037,1.683,10.6,20.3,18.1,56.389,393.503,99
2018-08-30 21:40:00 UTC,25.56,59.797,102.033,1.785,10.6,20.5,17.9,56.045,392.845,99
2018-08-30 21:50:00 UTC,25.518,60.192,102.031,1.887,10.4,19.5,17.8,59.413,393.437,99
2018-08-30 22:00:00 UTC,25.446,58.858,102.038,1.785,10.8,22.1,19.3,58.461,393.84,99
2018-08-30 22:10:00 UTC,25.458,58.297,102.049,1.683,10.7,20.9,18.6,42.944,391.595,99
2018-08-30 22:20:00 UTC,25.331,58.404,102.05,1.887,10.8,21.8,19.1,53.05,393.109,99
2018-08-30 22:30:00 UTC,25.186,59.299,102.05,1.734,11.3,22.2,20.2,47.686,392.669,99
2018-08-30 22:40:00 UTC,25.078,59.117,102.054,1.836,10.5,21.6,19.2,54.25,394.22,99
2018-08-30 22:50:00 UTC,24.946,60.388,102.07,1.836,11.3,22.7,19.9,42.332,391.115,99
2018-08-30 23:00:00 UTC,24.505,62.049,102.062,1.581,12.3,24.5,21.3,34.312,390.269,99
2018-08-30 23:10:00 UTC,24.11,62.619,102.018,1.836,12,24,21.3,44.19,392.844,99
2018-08-30 23:20:00 UTC,24.026,62.622,102.001,1.581,11.5,23.6,20.6,53.709,394.146,99
2018-08-30 23:30:00 UTC,23.916,62.635,102.024,1.581,11.5,22.9,20.4,48.363,393.075,99
2018-08-30 23:40:00 UTC,23.892,62.617,102.026,1.836,11.9,22.3,19.5,50.687,394.205,99
2018-08-30 23:50:00 UTC,24,62.773,102.029,1.479,12.1,22.6,19.8,37.157,391.601,99
2018-08-31 00:00:00 UTC,24.091,63.043,102.023,1.785,11.9,22.9,20.8,46.689,392.021,99
2018-08-31 00:10:00 UTC,24.175,62.935,102.025,1.683,11.8,22.4,20,51.339,393.54,99
2018-08-31 00:20:00 UTC,24.206,62.981,102.031,1.53,11.5,21.6,19.3,54.985,393.606,99
2018-08-31 00:30:00 UTC,24.319,63.386,102.042,1.785,12,23.1,19.9,47.457,391.953,99
2018-08-31 00:40:00 UTC,24.41,62.954,102.044,1.785,11.3,21.8,18.7,46.163,393.254,99
2018-08-31 00:50:00 UTC,24.4475,62.17625,102.03,1.46625,10.5,21.375,18.875,41.73875,391.58625,99
2018-08-31 01:00:00 UTC,24.416,62.1,102.029,1.53,10.3,20.5,18.2,55.745,394.132,99
2018-08-31 01:10:00 UTC,24.366,62.259,102.012,1.683,10.8,21.5,18.8,57.213,393.587,99
2018-08-31 01:20:00 UTC,24.304,62.741,101.997,1.836,10.5,21.4,18.5,52.37,393.887,99
2018-08-31 01:30:00 UTC,24.199,63.731,101.983,1.53,10.9,21.8,18.5,65.577,395.057,99
2018-08-31 01:40:00 UTC,24.135,64.046,101.988,1.632,10.6,22.2,18.6,61.135,393.827,99
2018-08-31 01:50:00 UTC,24.097,63.819,101.995,1.836,10.9,21.5,19.1,48.345,393.193,99
2018-08-31 02:00:00 UTC,24.0927272727273,63.51,102.003636363636,1.48363636363636,10.4545454545455,21.5454545454545,18.7272727272727,64.4272727272727,399.088181818182,99
2018-08-31 02:10:00 UTC,24.154,63.712,101.998,1.53,11.4,22.9,19.6,45.326,392.581,99
2018-08-31 02:20:00 UTC,24.068,63.948,101.991,1.632,10.5,22.1,18.8,53.381,392.617,99
2018-08-31 02:30:00 UTC,23.976,63.649,101.972,1.581,10.8,21.8,19.3,48.824,393.943,99
2018-08-31 02:40:00 UTC,24.085,63.804,101.971,1.581,10.9,22.4,19.5,45.461,392.097,99
2018-08-31 02:50:00 UTC,24.148,64.283,101.965,1.785,11.3,23.3,19.8,32.24,391.07,99
2018-08-31 03:00:00 UTC,24.226,63.533,101.952,1.581,10.8,21.3,18.9,47.316,392.817,99
2018-08-31 03:10:00 UTC,24.262,63.23,101.932,1.581,10.8,21.1,19.4,43.791,392.257,99
2018-08-31 03:20:00 UTC,24.292,63.477,101.922,1.734,10.5,20.6,19.1,50.27,392.903,99
2018-08-31 03:30:00 UTC,24.238,63.481,101.913,1.581,9.9,20.2,17.6,61.909,394.458,99
2018-08-31 03:40:00 UTC,24.2575,64.62,101.91375,1.59375,10.375,20,18,50.50875,394.30375,99
2018-08-31 03:50:00 UTC,24.038,66.056,101.904,1.581,10.2,20.1,18.2,64.196,394.3,99
2018-08-31 04:00:00 UTC,23.714,67.025,101.892,1.836,10.1,21,18.3,68.098,395.202,99
2018-08-31 04:10:00 UTC,23.796,66.859,101.897,1.632,10,19.6,17.2,66.014,395,99
2018-08-31 04:20:00 UTC,23.89,66.549,101.877,1.581,9.2,18.8,16.5,61.119,394.169,99
2018-08-31 04:30:00 UTC,23.706,67.054,101.889,1.785,8.1,16.6,14.7,62.201,394.449,99
2018-08-31 04:40:00 UTC,23.53,67.83,101.897,1.632,9.9,19.9,17.3,57.069,394.489,99
2018-08-31 04:50:00 UTC,23.512,67.602,101.875,1.632,10.3,21.5,18.2,44.245,392.363,99
2018-08-31 05:00:00 UTC,23.44,66.293,101.892,1.734,11.7,23.7,20.8,49.342,385.012,99
2018-08-31 05:10:00 UTC,23.216,67.112,101.907,1.632,12.3,24.5,21.3,38.842,391.542,99
2018-08-31 05:20:00 UTC,22.7711111111111,67.3144444444444,101.91,1.64333333333333,13.2222222222222,26.2222222222222,23.2222222222222,42.9544444444444,392.224444444444,99
2018-08-31 05:30:00 UTC,22.65,65.649,101.894,1.581,8.6,16.3,14.4,64.341,394.374,99
2018-08-31 05:40:00 UTC,22.7,66.542,101.891,1.836,8,15,13.5,47.198,394.265,99
2018-08-31 05:50:00 UTC,22.637,65.768,101.887,1.632,7.2,13.9,12.7,49.811,394.177,99
2018-08-31 06:00:00 UTC,22.406,66.937,101.87,1.581,8.4,16.6,14.4,52.313,393.95,99
2018-08-31 06:10:00 UTC,22.27,67.271,101.85,1.581,7.6,14.7,12.9,56.707,395.813,99
2018-08-31 06:20:00 UTC,22.365,68.67,101.867,1.428,8.1,15.5,13.5,40.925,393.749,99
2018-08-31 06:30:00 UTC,22.377,69.427,101.867,1.785,5.4,11.7,9.7,64.768,395.735,99
2018-08-31 06:40:00 UTC,22.244,68.357,101.868,1.785,4.7,9.7,8.5,65.33,396.868,99
2018-08-31 06:50:00 UTC,22.224,69.066,101.888,1.932,10.6,23.1,19.6,60.562,395.412,99
2018-08-31 07:00:00 UTC,22.108,68.965,101.889,2.804,12.3,27.7,23.7,41.493,394.663,99
2018-08-31 07:10:00 UTC,22.06,68.254,101.883,3.7,10.7,22.6,19,61.033,397.202,99
2018-08-31 07:20:00 UTC,22.097,68.427,101.873,6.519,11.6,24.5,21.2,30.185,393.46,99
2018-08-31 07:30:00 UTC,22.06,68.3,101.883,10.294,12.7,27.4,24.2,44.264,396.254,99
2018-08-31 07:40:00 UTC,21.97,66.757,101.913,11.906,11.7,24.1,21.3,39.791,395.666,99
2018-08-31 07:50:00 UTC,21.858,65.425,101.971,14.232,10.8,24.7,20.4,42.765,394.68,99
2018-08-31 08:00:00 UTC,21.337,68.351,101.995,33.653,11.8,27,22.7,46.949,396.22,99
2018-08-31 08:10:00 UTC,21,68.174,101.957,31.099,10.9,26.9,22,40.313,396.035,99
2018-08-31 08:20:00 UTC,21.194,69.796,101.945,45.062,12.9,28.4,24.3,59.066,397.944,99
2018-08-31 08:30:00 UTC,21.288,69.942,101.966,49.195,14,30.9,25.9,44.255,396.68,99
2018-08-31 08:40:00 UTC,21.351,69.568,101.976,111.953,11.6,26.6,22.8,53.513,396.144,99
2018-08-31 08:50:00 UTC,21.512,69.899,101.983,154.868,12,26.9,23.1,45.832,396.23,99
2018-08-31 09:00:00 UTC,21.648,70.228,101.992,128.631,12.1,27.4,22.8,34.594,396.022,99
2018-08-31 09:10:00 UTC,21.738,70.34,102.007,135.248,12.5,26.9,23,38.901,393.601,99
2018-08-31 09:20:00 UTC,21.814,69.658,102.021,134.189,12.2,26.6,22.4,22.032,391.239,99
2018-08-31 09:30:00 UTC,21.872,67.565,102.021,130.527,11.5,24.2,21,30.934,394.299,99
2018-08-31 09:40:00 UTC,21.922,66.559,102.024,202.613,12.6,26.4,22.6,25.675,393.422,99
2018-08-31 09:50:00 UTC,21.988,66.352,102.012,792.759,11.4,24,20.7,43.491,395.318,99
2018-08-31 10:00:00 UTC,22.199,66.097,102.009,857.252,11.3,24.1,20.7,31.867,392.728,99
2018-08-31 10:10:00 UTC,22.384,65.277,102.037,581.111,11.6,24,20.9,33.225,392.947,99
2018-08-31 10:20:00 UTC,22.572,63.849,102.026,847.294,10.9,21.4,19.5,38.992,394.001,99
2018-08-31 10:30:00 UTC,22.668,63.316,102.022,769.674,11.1,22.3,19.2,50.985,394.799,99
2018-08-31 10:40:00 UTC,22.7988888888889,62.9133333333333,102.021111111111,945.848888888889,11,21.8888888888889,19.7777777777778,53.4855555555556,396.22,99
2018-08-31 10:50:00 UTC,22.982,62.38,102.042,721.407,10.8,21.4,19.4,50.853,395.179,99
2018-08-31 11:00:00 UTC,22.8266666666667,61.41,102.06,518.044444444444,11.5555555555556,21.8888888888889,19.8888888888889,69.8722222222222,402.796666666667,99
2018-08-31 11:10:00 UTC,22.92375,60.7325,102.05375,609.495,10.875,22.25,19.25,56.98,395.44,99
2018-08-31 11:20:00 UTC,22.994,60.668,102.048,738.522,11.4,23.9,21.4,51.277,395.218,99
2018-08-31 11:30:00 UTC,23.173,60.367,102.045,739.779,14.2,26.4,23.5,40.801,393.622,99
2018-08-31 11:40:00 UTC,23.319,59.847,102.037,727.281,13,26.1,22.8,38.665,393.345,99
2018-08-31 11:50:00 UTC,23.326,59.311,102.06,587.047,13.4,26.2,23.1,40.651,393.527,99
2018-08-31 12:00:00 UTC,23.22,57.15,102.069,448.718,10,19.7,17.3,64.262,395.785,99
2018-08-31 12:10:00 UTC,23.263,56.49,102.071,487.338,10.1,20.3,18.2,67.359,396.478,99
2018-08-31 12:20:00 UTC,23.351,56.418,102.044,887.139,9.7,19.5,16.5,75.172,395.883,99
2018-08-31 12:30:00 UTC,23.381,56.886,102.047,995.553,9.8,19.4,17.4,68.201,395.157,99
2018-08-31 12:40:00 UTC,23.3675,57.96875,102.06375,729.555,10.625,20.25,17.875,41.02875,401.88625,99
2018-08-31 12:50:00 UTC,23.4877777777778,57.6877777777778,102.057777777778,845.732222222222,10.4444444444444,20.2222222222222,18.2222222222222,57.8611111111111,394.574444444444,99
2018-08-31 13:00:00 UTC,23.63875,57.97,102.05875,949.23625,11.25,21.875,19.25,50.77625,393.9975,99
2018-08-31 13:10:00 UTC,23.643,58,102.06,916.895,12.3,23.5,21,24.729,392.401,99
2018-08-31 13:20:00 UTC,23.606,57.563,102.044,1099.186,10.6,20.3,18.1,19.282,394.724,99
2018-08-31 13:30:00 UTC,23.776,56.997,102.026,1498.298,10.9,21.6,18.6,1.403,392.583,99
2018-08-31 13:40:00 UTC,23.6109090909091,56.97,102.027272727273,1126.13090909091,9.81818181818182,19.1818181818182,16.8181818181818,9.47454545454545,399.938181818182,99
2018-08-31 13:50:00 UTC,23.73125,56.24,102.0425,831.41375,12.625,24.5,21.5,0,415.3025,99
2018-08-31 14:00:00 UTC,23.636,56.727,102.042,757.817,9.8,19.7,17.1,0.48,413.754,99
2018-08-31 14:10:00 UTC,23.744,56.498,102.039,746.859,9.9,20.2,17.6,0.124,417.759,99
2018-08-31 14:20:00 UTC,23.831,56.204,102.031,806.716,10.1,20.5,17.3,0.366,405.213,99
2018-08-31 14:30:00 UTC,23.925,55.134,102.028,1067.483,12,23.1,20.3,1.538,411.484,99
2018-08-31 14:40:00 UTC,23.955,56.27375,102.01875,1549.32875,9.75,20.25,17.25,12.49125,390.36,99
2018-08-31 14:50:00 UTC,24.295,56.273,102.017,1936.343,11.4,20.9,18.9,13.428,390.904,99
2018-08-31 15:00:00 UTC,24.532,55.744,101.994,2179.405,9.9,19.1,17.3,9.46,390.923,99
2018-08-31 15:10:00 UTC,24.446,54.508,101.978,2039.16,12.1,21.7,19.4,15.878,391.47,99
2018-08-31 15:20:00 UTC,24.284,54.177,101.98,1477.863,9.2,18,16.2,21.487,392.699,99
2018-08-31 15:30:00 UTC,24.35,54.203,101.975,1373.771,9.9,18.5,16.8,18.247,392.554,99
2018-08-31 15:40:00 UTC,24.513,54.295,101.968,1503.869,9.7,18.3,16.6,8.23,390.687,99
2018-08-31 15:50:00 UTC,24.725,53.864,101.953,1383.94,9.2,18.2,16.4,17.947,392.791,99
2018-08-31 16:00:00 UTC,24.531,53.192,101.947,1224.802,10,18.4,17.1,19.149,392.718,99
2018-08-31 16:10:00 UTC,24.536,52.809,101.94,1179.39,9.5,17.9,16.4,30.129,393.491,99
2018-08-31 16:20:00 UTC,24.276,54.426,101.941,863.412,8.8,16.9,15.5,25.925,393.986,99
2018-08-31 16:30:00 UTC,24.129,54.874,101.942,839.846,9.5,18.5,16.3,19.014,393.198,99
2018-08-31 16:40:00 UTC,24.155,55.023,101.94,736.505,8.4,17.5,15.7,28.794,393.723,99
2018-08-31 16:50:00 UTC,24.231,54.764,101.941,617.99,8,16.7,14.6,36.194,394.115,99
2018-08-31 17:00:00 UTC,24.186,55.267,101.924,734.377,8.8,17.6,15.5,21.751,393.196,99
2018-08-31 17:10:00 UTC,24.248,55.383,101.926,834.276,11.7,21,19,20.174,393.786,99
2018-08-31 17:20:00 UTC,24.243,55.013,101.938,467.452,9.2,17.7,15.5,31.773,393.511,99
2018-08-31 17:30:00 UTC,24.085,54.246,101.921,489.889,8.5,16.5,15.1,33.238,394.151,99
2018-08-31 17:40:00 UTC,24.742,54.518,101.88,1059.896,8.1,15.2,13.6,30.498,394.311,99
2018-08-31 17:50:00 UTC,26.318,54.081,101.893,1051.328,8.4,16.2,14.1,43.429,399.029,99
2018-08-31 18:00:00 UTC,25.032,53.151,101.896,1733.063,7,13.5,12.2,38.16,392.177,99
2018-08-31 18:10:00 UTC,24.718,52.422,101.881,745.119,6.9,12.7,11.7,36.882,393.377,99
2018-08-31 18:20:00 UTC,24.83,52.05625,101.8975,568.06,7.125,13.125,11.625,43.15375,393.16125,99
2018-08-31 18:30:00 UTC,24.598,52.056,101.912,301.732,7,13.1,11.7,42.859,393.224,99
2018-08-31 18:40:00 UTC,24.536,51.616,101.913,258.667,8.6,16.5,15.1,40.734,394.365,99
2018-08-31 18:50:00 UTC,24.63,51.304,101.921,244.146,8.7,15.9,14.1,39.613,393.655,99
2018-08-31 19:00:00 UTC,24.554,50.736,101.92,198.889,6.6,13.1,11.1,47.885,393.88,99
2018-08-31 19:10:00 UTC,24.572,51.326,101.92,169.894,7.2,13.9,12,47.2,394.627,99
2018-08-31 19:20:00 UTC,24.641,51.975,101.917,186.613,8.2,15.6,13.6,41.901,393.482,99
2018-08-31 19:30:00 UTC,24.655,52.351,101.92,149.911,8,15.8,14.1,45.976,394.552,99
2018-08-31 19:40:00 UTC,24.603,52.024,101.922,82.061,6.9,13.4,11.9,16.889,395.652,99
2018-08-31 19:50:00 UTC,24.578,52.241,101.924,63.808,7.4,14.3,12.8,8.04,404.873,99
2018-08-31 20:00:00 UTC,24.566,52.374,101.938,44.409,7.4,13.8,12.5,12.339,391.351,99
2018-08-31 20:10:00 UTC,24.518,52.575,101.942,34.052,7.2,13.9,12.8,27.292,392.976,99
2018-08-31 20:20:00 UTC,24.542,52.643,101.957,13.13,7.2,14.5,12.4,20.432,392.557,99
2018-08-31 20:30:00 UTC,24.488,52.849,101.952,9.381,7.8,14.7,12.9,29.391,393.527,99
2018-08-31 20:40:00 UTC,24.452,53.12,101.952,2.634,6.6,12.9,11.5,28.33,393.226,99
2018-08-31 20:50:00 UTC,24.446,53.461,101.958,2.079,5.9,11.7,10.2,27.322,393.554,99
2018-08-31 21:00:00 UTC,24.422,53.239,101.969,1.581,6.2,12.1,10.5,26.513,394.173,99
2018-08-31 21:10:00 UTC,24.398,53.429,101.973,1.683,6.6,13,11.5,36.296,393.861,99
2018-08-31 21:20:00 UTC,24.386,53.46,101.985,1.836,6.4,12.7,11.3,33.686,394.671,99
2018-08-31 21:30:00 UTC,24.41,53.381,101.995,1.581,6.2,12.8,10.9,28.508,393.792,99
2018-08-31 21:40:00 UTC,24.434,53.339,102.013,1.734,6.3,12.2,11,30.21,392.7,99
2018-08-31 21:50:00 UTC,24.44,53.25,102.018,1.887,6.2,12.8,11.1,35.262,394.416,99
2018-08-31 22:00:00 UTC,24.428,53.309,102.018,1.53,6.1,11.6,10.2,37.604,395.161,99
2018-08-31 22:10:00 UTC,24.44,53.41,102.03,1.734,6.2,11.8,10.6,33.187,393.703,99
2018-08-31 22:20:00 UTC,24.44,53.383,102.04,1.581,5.5,11.1,9.3,37.036,394.561,99
2018-08-31 22:30:00 UTC,24.446,53.296,102.048,1.734,5.9,11.4,9.7,29.96,392.602,99
2018-08-31 22:40:00 UTC,24.44,52.687,102.049,1.887,5.7,11.5,10.3,39.073,394.702,99
2018-08-31 22:50:00 UTC,24.446,52.742,102.052,1.581,5.8,10.8,9.5,34.077,394.625,99
2018-08-31 23:00:00 UTC,24.434,52.66,102.045,1.632,5.8,11.7,9.7,46.459,394.308,99
2018-08-31 23:10:00 UTC,24.44,52.49,102.055,1.938,5.6,10.8,9.6,38.44,394.738,99
2018-08-31 23:20:00 UTC,24.44,52.485,102.073,1.479,5.4,12.1,10.2,47.815,394.167,99
2018-08-31 23:30:00 UTC,24.44,52.421,102.083,1.938,6.6,13,11.1,42.498,394.389,99
2018-08-31 23:40:00 UTC,24.44,52.265,102.074,1.632,4.9,10.4,9.2,48.848,395.114,99
2018-08-31 23:50:00 UTC,24.434,52.729,102.073,1.581,5.5,11.4,9.8,41.852,393.955,99
2018-09-01 00:00:00 UTC,24.434,52.547,102.086,1.785,5.6,10.7,9.3,48.489,394.866,99
2018-09-01 00:10:00 UTC,24.41,52.66,102.083,1.632,6.4,12.2,10.9,43.222,394.967,99
2018-09-01 00:20:00 UTC,24.38,52.257,102.083,1.581,5.5,11.8,10.3,47.653,393.854,99
2018-09-01 00:30:00 UTC,24.416,51.99,102.09,1.785,5.8,11.6,9.8,47.349,394.529,99
2018-09-01 00:40:00 UTC,24.386,51.791,102.082,1.479,5.8,11.1,9.6,47.707,394.853,99
2018-09-01 00:50:00 UTC,24.324,51.999,102.075,1.632,5.4,11.4,9.4,41.439,393.987,99
2018-09-01 01:00:00 UTC,24.262,52.015,102.073,1.632,5.6,10.6,9.3,42.136,394.627,99
2018-09-01 01:10:00 UTC,24.244,51.749,102.067,1.326,5.6,10.8,9.3,45.971,393.109,99
2018-09-01 01:20:00 UTC,24.196,52.022,102.067,1.632,5.8,11.2,9.9,36.252,393.426,99
2018-09-01 01:30:00 UTC,24.176,52.285,102.064,1.632,6.6,12.4,10.9,11.571,397.024,99
2018-09-01 01:40:00 UTC,24.169,52.491,102.053,1.326,6.3,12.7,11.4,7.844,387.814,99
2018-09-01 01:50:00 UTC,24.036,52.975,102.056,1.785,6.7,13.6,11.8,3.449,385.691,99
2018-09-01 02:00:00 UTC,24,53.235,102.044,1.479,6.9,13.2,11.8,2.331,389.087,99
2018-09-01 02:10:00 UTC,24.085,53.051,102.03,1.683,8,15.9,14.2,1.325,384.665,99
2018-09-01 02:20:00 UTC,24.006,53.603,102.03,1.785,9,16.6,14.9,2.918,385.674,99
2018-09-01 02:30:00 UTC,24.006,53.4,102.026,1.428,8,14.5,13.1,5.955,386.987,99
2018-09-01 02:40:00 UTC,24,53.757,102.02,1.683,8.7,16.1,14.5,1.759,391.259,99
2018-09-01 02:50:00 UTC,23.964,53.595,102.014,1.785,8.1,15.3,13.6,2.547,383.974,99
2018-09-01 03:00:00 UTC,23.928,53.563,102.001,1.428,8.4,16.1,14.2,0.606,390.602,99
2018-09-01 03:10:00 UTC,23.892,53.344,101.993,1.632,8.1,15.2,14.3,0.104,389.592,99
2018-09-01 03:20:00 UTC,23.817,53.387,102,1.479,8.7,16.2,14.7,3.24,383.76,99
2018-09-01 03:30:00 UTC,23.762,53.51,101.996,1.632,9.9,17.6,16.3,4.752,386.068,99
2018-09-01 03:40:00 UTC,23.75,53.837,101.988,1.836,9.8,18.6,16.8,3.018,384.467,99
2018-09-01 03:50:00 UTC,23.75,54.029,101.983,1.479,10.5,18.9,16.7,3.794,384.481,99
2018-09-01 04:00:00 UTC,23.696,54.058,101.973,1.632,9.8,19,16.6,3.08,384.694,99
2018-09-01 04:10:00 UTC,23.648,54.049,101.964,1.785,10.4,19.5,16.8,0.595,383.129,99
2018-09-01 04:20:00 UTC,23.482,53.844,101.95,1.53,10.4,18.8,17.1,0.361,376.979,99
2018-09-01 04:30:00 UTC,23.404,53.917,101.952,1.683,10.2,18.1,16.3,0.345,385.281,99
2018-09-01 04:40:00 UTC,23.292,54.074,101.956,1.428,10.3,19.8,16.7,2.018,381.648,99
2018-09-01 04:50:00 UTC,23.324,54.17,101.955,1.581,10.3,19,16.7,2.923,381.298,99
2018-09-01 05:00:00 UTC,23.345,54.489,101.956,1.581,11.1,20.6,17.7,13.02,365.433,99
2018-09-01 05:10:00 UTC,23.392,54.593,101.954,1.683,10,18.6,16.6,2.955,371.065,99
2018-09-01 05:20:00 UTC,23.41,54.707,101.952,1.734,9.8,16.9,16.2,5.119,378.372,99
2018-09-01 05:30:00 UTC,23.391,54.583,101.95,1.479,9.5,17.3,15.6,6.401,379.777,99
2018-09-01 05:40:00 UTC,23.398,54.442,101.949,1.683,8.6,15.4,14.2,7.414,382.504,99
2018-09-01 05:50:00 UTC,23.44,54.542,101.947,1.734,9.8,17.7,15.9,5.773,381.608,99
2018-09-01 06:00:00 UTC,23.422,54.521,101.94,1.479,10.2,19.3,16.9,3.128,377.046,99
2018-09-01 06:10:00 UTC,23.446,54.607,101.941,1.887,10.2,17.7,16.2,1.152,372.385,99
2018-09-01 06:20:00 UTC,23.434,54.603,101.941,1.581,9.8,18.6,16.5,3.901,377.738,99
2018-09-01 06:30:00 UTC,23.525,54.495,101.943,1.632,10,18.6,16.3,0.636,379.662,99
2018-09-01 06:40:00 UTC,23.44,54.743,101.943,2.04,10.7,19.8,17.2,2.263,375.009,99
2018-09-01 06:50:00 UTC,23.379,54.754,101.943,2.008,10.1,18.9,16.6,2.233,373.462,99
2018-09-01 07:00:00 UTC,23.338,54.877,101.944,5.635,9.8,18,15.9,2.065,371.707,99
2018-09-01 07:10:00 UTC,23.286,54.793,101.958,19.807,9.5,17.7,15.9,0.846,377.018,99
2018-09-01 07:20:00 UTC,23.311,54.869,101.968,51.588,10.7,18.9,17.1,2.186,373.447,99
2018-09-01 07:30:00 UTC,23.352,55.39,101.975,73.823,11.3,20,18.1,2.313,371.444,99
2018-09-01 07:40:00 UTC,23.386,55.32,101.982,83.199,9.9,19.6,17,1.266,369.953,99
2018-09-01 07:50:00 UTC,23.434,55.375,101.982,112.267,11.1,20.3,17.9,1.35,370.949,99
2018-09-01 08:00:00 UTC,23.494,55.423,101.98,165.057,11.4,20.2,17.8,1.308,376.373,99
2018-09-01 08:10:00 UTC,23.566,55.159,101.981,239.808,10.5,19.1,16.5,0.203,371.908,99
2018-09-01 08:20:00 UTC,23.687,55.017,101.979,342.017,9.8,18.2,15.8,0.002,381.428,99
2018-09-01 08:30:00 UTC,23.604,54.803,101.977,363.089,10.8,19.7,17,0,394.224,99
2018-09-01 08:40:00 UTC,23.776,54.702,101.968,397.514,11,19.4,17.2,0,392.033,99
2018-09-01 08:50:00 UTC,24.043,54.5,101.971,485.029,10.8,20.6,18,0,386.605,99
2018-09-01 09:00:00 UTC,24.194,54.067,101.985,509.683,11.9,21.4,19,0,401.178,99
2018-09-01 09:10:00 UTC,24.276,53.849,101.984,549.771,12.3,21.3,19.2,0,393.157,99
2018-09-01 09:20:00 UTC,24.425,53.618,101.973,585.767,11.3,20.3,17.8,0,393.1,99
2018-09-01 09:30:00 UTC,24.674,53.355,101.981,743.887,10.2,18.9,17.1,0,383.312,99
2018-09-01 09:40:00 UTC,24.655,53.555,101.989,796.89,9.8,18.3,16.4,0,376.716,99
2018-09-01 09:50:00 UTC,24.744,53.894,101.987,900.758,8.7,15.7,13.9,0.114,382.104,99
2018-09-01 10:00:00 UTC,24.687,53.968,101.997,773.072,5.6,10.7,8.8,2.245,391.663,99
2018-09-01 10:10:00 UTC,24.699,54.293,102.007,922.836,5.5,10,8.6,3.959,387.893,99
2018-09-01 10:20:00 UTC,24.635,55.239,102.026,778.723,6.2,11.1,10,1.177,399.92,99
2018-09-01 10:30:00 UTC,24.55,54.537,102.045,598.901,5.8,10.8,9.8,3.013,393.397,99
2018-09-01 10:40:00 UTC,24.41,54.574,102.063,510.53,5.4,10.2,9.4,2.212,388.658,99
2018-09-01 10:50:00 UTC,24.351,55.032,102.076,294.728,5.8,11.4,10.2,1.155,391.646,99
2018-09-01 11:00:00 UTC,23.787,55.139,102.081,239.8,4.3,8.5,7.3,3.601,388.995,99
2018-09-01 11:10:00 UTC,23.53,56.043,102.075,507.77,4.5,8.5,7.6,2.056,393.271,99
2018-09-01 11:20:00 UTC,23.572,56.085,102.062,752.961,4.9,9.2,8.1,8.746,389.035,99
2018-09-01 11:30:00 UTC,23.494,56.617,102.056,749.852,5.2,9.3,8,9.971,389.488,99
2018-09-01 11:40:00 UTC,23.5466666666667,57.1711111111111,102.036666666667,1231.76111111111,8.22222222222222,14.4444444444444,13,13.9177777777778,390.421111111111,99
2018-09-01 11:50:00 UTC,23.494,57.007,102.041,875.683,5.3,10.6,9,7.657,391.172,99
2018-09-01 12:00:00 UTC,23.642,56.769,102.038,706.825,5.4,10.2,8.8,7.452,391.472,99
2018-09-01 12:10:00 UTC,23.714,57.071,102.027,963.344,5.6,10.2,9.2,4.209,390.886,99
2018-09-01 12:20:00 UTC,23.825,56.386,102.017,1071.869,5.8,10.9,9.7,6.479,395.095,99
2018-09-01 12:30:00 UTC,23.928,55.005,102.01,1073.199,5.9,10.9,9.6,6.06,393.914,99
2018-09-01 12:40:00 UTC,23.97,54.062,102.027,812.074,5.6,10,9.1,5.521,388.957,99
2018-09-01 12:50:00 UTC,23.882,53.695,102.017,886.692,5.9,10.8,9.5,4.496,390.226,99
2018-09-01 13:00:00 UTC,23.82,54.335,102.017,939.584,6.4,11.6,10.2,5.035,390.233,99
2018-09-01 13:10:00 UTC,23.946,54.083,102.016,892.009,7.1,13.6,12.1,0.834,392.535,99
2018-09-01 13:20:00 UTC,24.062,53.676,102.024,1349.194,7.7,14.3,12.9,2.404,386.466,99
2018-09-01 13:30:00 UTC,24.155,53.763,102.018,1429.788,6.7,11.8,10.9,2.936,388.97,99
2018-09-01 13:40:00 UTC,24.637,53.735,102.003,1906.281,7,12.6,11.5,1.456,386.433,99
2018-09-01 13:50:00 UTC,24.643,52.199,101.998,1614.638,5.8,11.1,9.3,1.916,388.243,99
2018-09-01 14:00:00 UTC,24.822,51.876,102.008,1402.359,5.7,10.5,9.5,1.256,386.941,99
2018-09-01 14:10:00 UTC,24.932,51.426,102.008,1969.692,5.8,11.5,9.8,2.432,395.823,99
2018-09-01 14:20:00 UTC,25.001,51.219,102.013,1828.196,6.3,10.6,9.7,0.878,388.255,99
2018-09-01 14:30:00 UTC,24.968,50.739,102.01,1741.636,6,10.1,9.1,4.227,395.323,99
2018-09-01 14:40:00 UTC,24.77,50.577,102.006,1497.729,5.8,9.9,9.1,1.652,391.258,99
2018-09-01 14:50:00 UTC,24.894,50.661,101.993,1800.097,5.9,9.8,9.2,3.886,388.483,99
2018-09-01 15:00:00 UTC,25.175,50.265,101.989,1678.559,5.4,9.5,8.3,6.766,395.405,99
2018-09-01 15:10:00 UTC,25.433,50.561,101.968,1545.077,5.9,10.4,9.5,10.22,390.225,99
2018-09-01 15:20:00 UTC,25.713,50.448,101.959,1621.622,5.5,10.2,9,8.647,389.843,99
2018-09-01 15:30:00 UTC,25.886,50.058,101.959,1646.459,5.2,9.4,8.6,9.097,391.196,99
2018-09-01 15:40:00 UTC,25.863,49.468,101.963,2614.936,5.5,9.5,8.6,17.185,389.714,99
2018-09-01 15:50:00 UTC,26.04,49.07,101.952,2421.918,5.2,8.9,8.2,17.596,389.661,99
2018-09-01 16:00:00 UTC,26.381,48.614,101.934,1087.981,5.4,9,8.5,15.112,390.511,99
2018-09-01 16:10:00 UTC,26.381,48.061,101.948,2146.214,5.3,9.1,8.1,17.729,389.916,99
2018-09-01 16:20:00 UTC,25.782,48.002,101.929,2203.366,4.9,8.2,7.6,16.356,390.184,99
2018-09-01 16:30:00 UTC,26.556,47.437,101.957,2593.201,4.1,7,6.3,22.071,389.212,99
2018-09-01 16:40:00 UTC,25.742,47.185,101.926,1610.241,4.2,7.8,7,19.233,389.442,99
2018-09-01 16:50:00 UTC,25.518,47.298,101.899,2420.587,4.3,7.4,6.7,28.392,391.02,99
2018-09-01 17:00:00 UTC,25.817,47.239,101.9,2056.691,4.4,7.6,6.9,28.411,390.927,99
2018-09-01 17:10:00 UTC,26.7788888888889,47.3088888888889,101.934444444444,788.57,4.55555555555556,7.88888888888889,7.11111111111111,21.0077777777778,387.954444444444,99
2018-09-01 17:20:00 UTC,26.149,46.923,101.907,2088.448,4.3,7.4,6.7,21.717,389.521,99
2018-09-01 17:30:00 UTC,25.64,46.6075,101.89125,1374.7575,3.875,6.75,6.375,27.83625,389.57625,99
2018-09-01 17:40:00 UTC,25.245,46.842,101.911,641.141,4.5,8,6.9,30.994,390.244,99
2018-09-01 17:50:00 UTC,24.94,47.233,101.919,557.173,5,8.8,7.5,23.139,391.061,99
2018-09-01 18:00:00 UTC,24.864,47.479,101.923,607.498,4.7,8.5,7.4,29.652,391.746,99
2018-09-01 18:10:00 UTC,24.952,48.114,101.914,757.432,6,11.3,10,28.176,392.012,99
2018-09-01 18:20:00 UTC,24.912,48.754,101.928,488.42,4.3,8,7.2,23.959,391.114,99
2018-09-01 18:30:00 UTC,24.699,49.242,101.905,535.056,4.1,7.3,6.7,32.698,392.73,99
2018-09-01 18:40:00 UTC,24.693,50.229,101.917,437.654,4.2,7.3,6.7,33.077,393.155,99
2018-09-01 18:50:00 UTC,24.593,50.552,101.918,273.024,4.3,7.3,6.7,30.119,392.793,99
2018-09-01 19:00:00 UTC,24.607,51.265,101.921,169.42,4.2,7.6,6.7,30.515,394.261,99
2018-09-01 19:10:00 UTC,24.452,51.729,101.921,127.818,4,7.9,6.9,34.88,392.819,99
2018-09-01 19:20:00 UTC,24.358,52.064,101.919,107.818,4.3,7.7,6.9,35.969,393.776,99
2018-09-01 19:30:00 UTC,24.286,52.383,101.92,89.733,4.7,8.1,7.2,38.417,394.69,99
2018-09-01 19:40:00 UTC,24.371,52.422,101.925,67.223,4.7,7.5,7.1,31.529,393.814,99
2018-09-01 19:50:00 UTC,24.3,52.83,101.92,38.905,4.4,8,7.3,30.117,394.469,99
2018-09-01 20:00:00 UTC,24.293,53.113,101.917,32.571,5,8.6,7.7,31.255,394.58,99
2018-09-01 20:10:00 UTC,24.299,53.345,101.927,15.097,4.4,7.8,6.8,36.255,393.549,99
2018-09-01 20:20:00 UTC,24.226,53.519,101.937,8.862,4.6,7.9,7.1,32.112,394.089,99
2018-09-01 20:30:00 UTC,24.256,53.349,101.946,4.563,5.8,9.8,9,34.261,394.032,99
2018-09-01 20:40:00 UTC,24.226,53.402,101.955,2.256,4.8,8.5,7.8,34.749,393.647,99
2018-09-01 20:50:00 UTC,24.232,53.509,101.969,2.04,4.7,8.1,7.1,40.976,394.673,99
2018-09-01 21:00:00 UTC,24.194,53.573,101.97,1.53,4.4,8.2,7.2,38.041,394.715,99
2018-09-01 21:10:00 UTC,24.182,53.624,101.98,1.785,4.7,8.4,7.5,39.166,394.391,99
2018-09-01 21:20:00 UTC,24.208,53.599,101.995,1.734,5.8,10.1,9,35.439,394.327,99
2018-09-01 21:30:00 UTC,24.232,53.57,102.004,1.53,4.9,8.9,8,30.673,392.927,99
2018-09-01 21:40:00 UTC,24.244,53.38,102.014,1.836,5,9,8,33.374,394.137,99
2018-09-01 21:50:00 UTC,24.274,53.53,102.016,1.581,5.1,10.5,9,32.437,393.798,99
2018-09-01 22:00:00 UTC,24.25,53.159,102.017,1.683,5.2,10,8.9,22.422,391.089,99
2018-09-01 22:10:00 UTC,24.286,53.019,102.021,1.734,7.1,13.3,11.4,23.978,393.505,99
2018-09-01 22:20:00 UTC,24.25,52.835,102.021,1.53,5.7,9.6,8.9,32.676,393.283,99
2018-09-01 22:30:00 UTC,24.202,52.849,102.014,1.632,5.9,10,9.1,34.031,393.704,99
2018-09-01 22:40:00 UTC,24.169,52.944,102.008,1.734,5.4,8.9,8,39.268,395.63,99
2018-09-01 22:50:00 UTC,24.127,52.653,102.001,1.581,4.4,8.1,6.6,42.598,393.907,99
2018-09-01 23:00:00 UTC,24.12,52.78,101.999,1.683,4.7,7.8,7.1,46.765,395.233,99
2018-09-01 23:10:00 UTC,24.127,52.932,102.003,1.581,4.9,8.5,7.4,45.852,394.766,99
2018-09-01 23:20:00 UTC,24.141,53.064,102.009,1.581,4.6,7.7,7.2,40.989,393.451,99
2018-09-01 23:30:00 UTC,24.162,53.167,102.008,1.785,4.8,8,7,39.584,394.048,99
2018-09-01 23:40:00 UTC,24.182,53.355,102.002,1.581,4.8,8.9,7.9,43.149,394.931,99
2018-09-01 23:50:00 UTC,24.214,53.597,102.003,1.581,5.9,9.8,8.9,31.903,392.949,99
2018-09-02 00:00:00 UTC,24.25,53.685,102.002,1.785,4.9,8.9,7.8,38.1,393.067,99
2018-09-02 00:10:00 UTC,24.25,53.668,102.003,1.428,5,8.5,7.8,46.81,393.86,99
2018-09-02 00:20:00 UTC,24.256,53.651,102.01,1.836,4.8,9.2,7.7,46.918,394.105,99
2018-09-02 00:30:00 UTC,24.28,53.741,102.008,1.632,5,8.5,7.8,44.673,394.128,99
2018-09-02 00:40:00 UTC,24.31,53.903,102.015,1.581,5.5,9.6,8.6,34.647,391.863,99
2018-09-02 00:50:00 UTC,24.317,53.776,102.015,1.785,5.3,9.5,8.2,40.76,393.589,99
2018-09-02 01:00:00 UTC,24.312,53.982,102.017,1.632,6.1,10.2,8.9,25.945,391.95,99
2018-09-02 01:10:00 UTC,24.304,53.88,102.015,1.53,7,11.7,10.4,28.661,391.358,99
2018-09-02 01:20:00 UTC,24.317,53.919,102.004,1.836,4.9,8.5,7.6,38.31,393.684,99
2018-09-02 01:30:00 UTC,24.324,54.023,102.017,1.632,4.8,8.7,7.5,40.164,393.215,99
2018-09-02 01:40:00 UTC,24.31,54.198,102.015,1.785,4.9,9.1,7.8,18.607,389.943,99
2018-09-02 01:50:00 UTC,24.31,54.193,102.009,1.683,5.1,8.9,7.9,9.478,386.953,99
2018-09-02 02:00:00 UTC,24.268,54.173,102.003,1.53,4.9,8.6,7.8,6.769,385.834,99
2018-09-02 02:10:00 UTC,24.262,54.209,101.993,1.785,5.4,9.1,8.3,1.63,383.432,99
2018-09-02 02:20:00 UTC,24.183,54.507,101.979,1.683,6,10.7,9.3,2.184,384.535,99
2018-09-02 02:30:00 UTC,24.048,54.39,101.976,1.53,7.1,11.9,10.5,2.606,383.545,99
2018-09-02 02:40:00 UTC,23.952,54.225,101.963,1.785,7.7,13.1,11.5,3.072,382.55,99
2018-09-02 02:50:00 UTC,23.852,54.362,101.956,1.377,7.8,12.5,11.7,3.337,383.504,99
2018-09-02 03:00:00 UTC,23.78,54.496,101.941,1.785,8.2,13.7,12.5,0.827,376.472,99
2018-09-02 03:10:00 UTC,23.732,54.65,101.946,1.683,7.9,13.8,12.3,4.34,385.886,99
2018-09-02 03:20:00 UTC,23.669,54.809,101.941,1.377,7.9,13.2,12.4,4.5,383.441,99
2018-09-02 03:30:00 UTC,23.614,54.903,101.935,1.632,8.4,14.5,13.3,4.485,383.205,99
2018-09-02 03:40:00 UTC,23.548,54.86,101.927,1.734,7.9,13.5,12.4,4.197,381.743,99
2018-09-02 03:50:00 UTC,23.494,54.901,101.911,1.326,8.4,14.3,13.2,6.907,384.266,99
2018-09-02 04:00:00 UTC,23.363,55.051,101.889,1.632,8.5,14.4,13.6,1.673,379.806,99
2018-09-02 04:10:00 UTC,23.372,55.252,101.874,1.581,8.1,13.9,12.9,2.107,378.83,99
2018-09-02 04:20:00 UTC,23.35,55.268,101.864,1.632,7.6,12.8,11.8,1.341,375.903,99
2018-09-02 04:30:00 UTC,23.298,55.503,101.85,1.734,8.2,13.5,12.4,5.533,384.104,99
2018-09-02 04:40:00 UTC,23.28,55.467,101.841,1.428,7.3,12.5,11.6,6.798,387.635,99
2018-09-02 04:50:00 UTC,23.22,55.535,101.831,1.632,7.6,12.7,11.7,4.335,382.095,99
2018-09-02 05:00:00 UTC,23.15,55.555,101.831,1.632,8.2,13.8,12.9,12.986,377.172,99
2018-09-02 05:10:00 UTC,23.06,55.617,101.832,1.53,8.8,14.3,13.3,6.65,385.904,99
2018-09-02 05:20:00 UTC,22.9866666666667,55.6088888888889,101.83,1.47333333333333,8.33333333333333,14.2222222222222,12.6666666666667,5.55666666666667,380.636666666667,99
2018-09-02 05:30:00 UTC,22.934,55.695,101.83,1.428,8.9,14.4,13.2,5.711,381.15,99
2018-09-02 05:40:00 UTC,22.902,55.763,101.827,1.734,8.2,14.3,12.8,5.867,382.736,99
2018-09-02 05:50:00 UTC,22.825,55.867,101.832,1.632,8.4,13.9,12.7,3.744,377.154,99
2018-09-02 06:00:00 UTC,22.831,55.989,101.831,1.428,8.6,14.1,12.7,5.402,380.616,99
2018-09-02 06:10:00 UTC,22.674,55.861,101.828,1.683,8.7,14.3,13.3,1.509,375.393,99
2018-09-02 06:20:00 UTC,22.669,54.788,101.832,1.377,7.9,13.2,12.3,1.402,372.957,99
2018-09-02 06:30:00 UTC,22.708,53.084,101.825,1.785,8.2,13.1,12.2,1.881,378.718,99
2018-09-02 06:40:00 UTC,22.761,51.044,101.816,1.836,7.7,13.2,11.5,2.054,383.032,99
2018-09-02 06:50:00 UTC,22.81125,48.5325,101.82,1.8825,7.375,12,10.875,8.885,386.035,99
2018-09-02 07:00:00 UTC,22.768,46.795,101.826,3.985,7.2,11.9,10.4,1.941,382.105,99
2018-09-02 07:10:00 UTC,22.774,44.738,101.827,10.433,7.1,11.8,10.7,2.144,381.629,99
2018-09-02 07:20:00 UTC,22.838,43.81,101.833,30.488,6.5,10.8,9.9,0.677,383.31,99
2018-09-02 07:30:00 UTC,22.805,43.061,101.837,65.229,6.8,11.4,10.4,1.095,381.214,99
2018-09-02 07:40:00 UTC,22.762,43.998,101.838,85.306,7,11.8,10.8,1.883,379.17,99
2018-09-02 07:50:00 UTC,22.78,43.585,101.847,157.803,7.6,12.3,11.1,1.65,385.437,99
2018-09-02 08:00:00 UTC,22.885,44.411,101.852,196.998,7.1,12.6,11.2,0.606,377.029,99
2018-09-02 08:10:00 UTC,22.858,44.076,101.846,199.569,6.5,11.5,10.3,5.16,385.869,99
2018-09-02 08:20:00 UTC,22.982,44.8,101.851,287.347,6.6,12,10.7,4.583,384.21,99
2018-09-02 08:30:00 UTC,23.018,45.535,101.85,364.725,7,12.6,11.2,0.751,375.753,99
2018-09-02 08:40:00 UTC,23.105,45.493,101.852,431.177,7.4,11.9,10.9,0.187,380.234,99
2018-09-02 08:50:00 UTC,23.244,44.862,101.851,486.664,7.5,12.9,11.5,0.446,376.362,99
2018-09-02 09:00:00 UTC,23.351,44.973,101.841,512.989,7.5,12.6,11.2,0.415,375.307,99
2018-09-02 09:10:00 UTC,23.554,44.694,101.849,521.245,7.4,11.9,11,0.243,378.83,99
2018-09-02 09:20:00 UTC,23.641,44.105,101.849,669.677,8.1,12.4,11.6,0.572,377.443,99
2018-09-02 09:30:00 UTC,23.649,43.29,101.853,712.543,7.9,13.1,11.9,0.305,373.812,99
2018-09-02 09:40:00 UTC,24.044,42.551,101.854,750.021,6.9,10.8,10,0,379.483,99
2018-09-02 09:50:00 UTC,24.308,42.871,101.854,488.301,6.8,10.8,9.9,0.338,386.457,99
2018-09-02 10:00:00 UTC,24.661,43.422,101.856,566.49,6.4,10.6,9.1,0.149,384.053,99
2018-09-02 10:10:00 UTC,24.758,43.055,101.855,676.616,6.2,10.3,9,4.471,386.665,99
2018-09-02 10:20:00 UTC,24.895,43.112,101.86,986.673,6,9.6,8.5,5.036,386.249,99
2018-09-02 10:30:00 UTC,24.969,43.505,101.863,879.248,6,9.3,8.7,13.075,389.411,99
2018-09-02 10:40:00 UTC,24.87,44.084,101.863,678.246,6,10,9,6.679,389.99,99
2018-09-02 10:50:00 UTC,25.163,44.574,101.871,736.105,6.1,9.3,8.7,6.392,387.247,99
2018-09-02 11:00:00 UTC,25.443,43.985,101.881,343.585,6.3,10.2,9.4,8.514,389.656,99
2018-09-02 11:10:00 UTC,25.493,43.135,101.87,305.421,6.7,10,9.2,10.95,389.255,99
2018-09-02 11:20:00 UTC,25.763,42.458,101.872,398.225,6.7,10.6,9.7,12.29,389.616,99
2018-09-02 11:30:00 UTC,25.712,41.753,101.872,798.548,5.9,8.8,7.9,14.913,389.152,99
2018-09-02 11:40:00 UTC,25.63,41.534,101.878,846.639,6.2,9.7,8.9,13.825,389.409,99
2018-09-02 11:50:00 UTC,25.518,41.308,101.877,704.298,6.1,9.2,8.5,30.421,392.575,99
2018-09-02 12:00:00 UTC,25.645,41.072,101.88,1021.479,5.8,9,8.6,27.528,392.404,99
2018-09-02 12:10:00 UTC,25.593,40.926,101.874,1021.5,5.8,8.9,8.3,34.522,392.528,99
2018-09-02 12:20:00 UTC,25.445,40.659,101.875,916.717,6.3,9.6,9,32.311,392.46,99
2018-09-02 12:30:00 UTC,25.819,40.667,101.863,355.553,5.9,8.8,8,44.668,394.154,99
2018-09-02 12:40:00 UTC,25.856,40.626,101.846,406.194,5.7,8.5,8.1,42.089,392.381,99
2018-09-02 12:50:00 UTC,25.976,40.527,101.834,390.024,5.6,8.4,7.9,36.852,393.177,99
2018-09-02 13:00:00 UTC,26.293,40.363,101.831,465.336,6.5,9.7,9,39.779,392.134,99
2018-09-02 13:10:00 UTC,26.151,40.136,101.82,473.344,5.6,8.3,7.7,44.119,393.027,99
2018-09-02 13:20:00 UTC,26.256,40.349,101.81,543.748,5.5,8.7,8.1,48.576,394.081,99
2018-09-02 13:30:00 UTC,26.144,40.651,101.791,452.71,5.6,7.9,7.3,45.849,392.912,99
2018-09-02 13:40:00 UTC,26.475,40.969,101.785,468.667,5.4,7.8,7.5,37.049,393.231,99
2018-09-02 13:50:00 UTC,26.35,41.359,101.764,429.015,5.4,7.5,7.2,51.866,393.48,99
2018-09-02 14:00:00 UTC,26.426,41.293,101.766,471.24,4.8,7.6,7,55.137,393.391,99
2018-09-02 14:10:00 UTC,26.4177777777778,41.9333333333333,101.758888888889,529.487777777778,4.88888888888889,7.88888888888889,7.33333333333333,53.7488888888889,394.894444444444,99
2018-09-02 14:20:00 UTC,26.781,42.429,101.768,624.048,5.1,8,7.5,49.488,392.875,99
2018-09-02 14:30:00 UTC,26.631,42.666,101.761,699.716,4.8,7.1,6.9,49.871,393.519,99
2018-09-02 14:40:00 UTC,26.768,42.682,101.745,628.565,5,7.5,6.8,44.903,392.672,99
2018-09-02 14:50:00 UTC,26.599,43.408,101.732,682.446,6.3,9.4,8.6,53.61,393.324,99
2018-09-02 15:00:00 UTC,26.457,44.242,101.717,814.055,8.3,11.8,10.9,52.212,394.452,99
2018-09-02 15:10:00 UTC,26.417,45.049,101.697,871.67,5.5,8.7,7.9,44.908,393.73,99
2018-09-02 15:20:00 UTC,26.781,45.157,101.681,995.766,7.5,10.9,9.9,38.929,392.68,99
2018-09-02 15:30:00 UTC,26.5,45.261,101.668,1083.89,7.1,10.3,9.9,55.697,394.045,99
2018-09-02 15:40:00 UTC,26.68,45.507,101.655,1136.755,7,10.3,9.7,44.74,392.894,99
2018-09-02 15:50:00 UTC,26.776,45.879,101.634,1539.589,7.2,10.8,10.2,45.633,393.721,99
2018-09-02 16:00:00 UTC,27.169,46.103,101.654,2168.093,5,8.1,7.3,52,393.098,99
2018-09-02 16:10:00 UTC,27.651,45.744,101.684,0,5.1,8.4,7.9,45.327,391.114,99
2018-09-02 16:20:00 UTC,27.876,45.956,101.724,0,6.3,10.1,9.4,40.396,391.148,99
2018-09-02 16:30:00 UTC,27.974,45.759,101.744,0,4.8,7.4,6.7,36.859,389.774,99
2018-09-02 16:40:00 UTC,28.531,46.033,101.782,0,5.1,7.9,7.2,39.109,388.1,99
2018-09-02 16:50:00 UTC,29.065,46.043,101.799,0,4.7,7.1,6.6,37.234,387.899,99
2018-09-02 17:00:00 UTC,29.581,45.781,101.798,0,6,9.4,8.7,32.178,386.996,99
2018-09-02 17:10:00 UTC,29.88,45.226,101.795,0,4.7,7.2,6.9,29.978,385.872,99
2018-09-02 17:20:00 UTC,30.218,44.638,101.808,0,4.6,7.3,6.9,30.465,386.053,99
2018-09-02 17:30:00 UTC,29.969,44.005,101.775,0,4.8,7.9,6.8,27.337,384.703,99
2018-09-02 17:40:00 UTC,29.325,43.669,101.757,0,5.2,7.7,7.2,28.465,386.257,99
2018-09-02 17:50:00 UTC,29.688,43.394,101.755,0,5.2,7.9,7.4,24.472,385.24,99
2018-09-02 18:00:00 UTC,28.608,43.259,101.719,598.88,4.8,7.5,6.7,31.745,387.523,99
2018-09-02 18:10:00 UTC,28.025,42.894,101.67,2136.056,4.8,7.3,6.6,15.611,386.47,99
2018-09-02 18:20:00 UTC,26.963,43.459,101.65,856.079,5.2,8,7.5,28.672,388.104,99
2018-09-02 18:30:00 UTC,26.413,44.242,101.653,496.605,5.2,7.8,7.1,34.401,389.697,99
2018-09-02 18:40:00 UTC,26.524,44.883,101.632,558.899,5.4,8.5,7.8,20.016,388.372,99
2018-09-02 18:50:00 UTC,26.262,45.725,101.603,538.39,5,8.1,7.5,27.309,389.096,99
2018-09-02 19:00:00 UTC,26.081,46.605,101.592,407.23,5.4,8.7,8,20.093,389.825,99
2018-09-02 19:10:00 UTC,25.718,47.637,101.577,261.138,5.1,7.7,7.3,24.36,391.167,99
2018-09-02 19:20:00 UTC,25.682,48.997,101.572,293.302,5.3,7.9,7.6,18.005,389.337,99
2018-09-02 19:30:00 UTC,25.518,50.143,101.557,227.328,5.7,9.8,9.2,20.006,391.739,99
2018-09-02 19:40:00 UTC,25.538,50.812,101.548,156.992,6,9.5,8.7,13.998,390.214,99
2018-09-02 19:50:00 UTC,25.313,51.813,101.537,115.543,5.5,9.2,8.1,15.019,391.473,99
2018-09-02 20:00:00 UTC,25.366,52.464,101.544,74.07,5.8,9.3,8.6,16.767,391.23,99
2018-09-02 20:10:00 UTC,25.372,53.174,101.549,33.186,6.4,10,9,7.457,388.206,99
2018-09-02 20:20:00 UTC,25.331,53.567,101.553,10.801,6,9.6,9.1,4.236,387.706,99
2018-09-02 20:30:00 UTC,25.25,53.905,101.558,0.94,6.2,10.3,9.2,9.666,389.545,99
2018-09-02 20:40:00 UTC,25.094,54.164,101.569,2.187,6.7,10.3,9.7,5.571,389.094,99
2018-09-02 20:50:00 UTC,25.024,54.445,101.584,1.989,6.2,10,9.2,6.528,388.663,99
2018-09-02 21:00:00 UTC,24.994,54.75,101.582,1.479,6.9,11.2,10.2,12.435,390.562,99
2018-09-02 21:10:00 UTC,24.927,55.002,101.592,1.785,6.9,11.3,10.4,7.993,390.055,99
2018-09-02 21:20:00 UTC,24.922,55.197,101.597,1.683,7.5,11.6,10.6,3.438,389.195,99
2018-09-02 21:30:00 UTC,24.964,55.67,101.605,1.428,8.8,15,13.5,9.753,389.742,99
2018-09-02 21:40:00 UTC,24.763,56.314,101.609,1.632,6.9,11.5,10.3,5.187,390.208,99
2018-09-02 21:50:00 UTC,24.676,56.61,101.603,1.683,6.8,10.8,10.2,15.321,392.262,99
2018-09-02 22:00:00 UTC,24.744,56.724,101.619,1.377,7,10.7,10,5.102,388.69,99
2018-09-02 22:10:00 UTC,24.647,57.137,101.617,1.632,6.8,10.5,10.1,6.84,390.681,99
2018-09-02 22:20:00 UTC,24.622,56.983,101.618,1.377,7.1,11.9,10.7,11.066,391.078,99
2018-09-02 22:30:00 UTC,24.614,56.769,101.625,1.632,7.3,11.3,10.5,5.117,388.953,99
2018-09-02 22:40:00 UTC,24.572,56.944,101.623,1.785,7,10.8,10,17.503,392.41,99
2018-09-02 22:50:00 UTC,24.566,57.047,101.614,1.53,7,10.9,10.1,7.035,390.79,99
2018-09-02 23:00:00 UTC,24.596,57.132,101.61,1.683,6.6,11,9.9,5.566,390.231,99
2018-09-02 23:10:00 UTC,24.536,57.326,101.615,1.785,7.5,12.8,11,11.568,391.456,99
2018-09-02 23:20:00 UTC,24.602,57.598,101.625,1.53,8.1,14,12.4,6.088,389.215,99
2018-09-02 23:30:00 UTC,24.566,57.971,101.638,1.836,7.2,11.6,10.6,6.865,390.753,99
2018-09-02 23:40:00 UTC,24.554,58.016,101.637,1.581,6.8,10.9,10.1,3.474,388.502,99
2018-09-02 23:50:00 UTC,24.555,58.075,101.633,1.632,6.7,10.4,9.6,10.154,391.061,99
2018-09-03 00:00:00 UTC,24.524,58.213,101.629,1.734,6.6,11.1,9.6,4.849,389.131,99
2018-09-03 00:10:00 UTC,24.434,58.352,101.622,1.479,6.6,10.7,10.1,1.998,388.803,99
2018-09-03 00:20:00 UTC,24.359,58.783,101.616,1.53,7,11.2,10.3,8.811,390.161,99
2018-09-03 00:30:00 UTC,24.312,59.042,101.61,1.734,7,11.5,10.4,9.023,391.211,99
2018-09-03 00:40:00 UTC,24.28,59.19,101.608,1.53,6.6,11.1,10.2,8.172,390.654,99
2018-09-03 00:50:00 UTC,24.312,59.183,101.612,1.785,6.9,11.4,9.9,4.175,389.742,99
2018-09-03 01:00:00 UTC,24.305,58.979,101.611,1.581,7.1,11.9,10.8,4.646,390.709,99
2018-09-03 01:10:00 UTC,24.238,58.639,101.604,1.581,7.3,11.9,10.4,2.219,389.545,99
2018-09-03 01:20:00 UTC,24.317,58.816,101.601,1.683,8,13,11.7,5.934,389.479,99
2018-09-03 01:30:00 UTC,24.25,58.889,101.604,1.479,7.4,12.2,11,7.785,391.712,99
2018-09-03 01:40:00 UTC,24.155,58.769,101.587,1.479,7.6,12.1,11.2,5.865,388.901,99
2018-09-03 01:50:00 UTC,24.162,58.764,101.588,1.683,7.7,13,11.6,12.249,391.856,99
2018-09-03 02:00:00 UTC,24.188,58.615,101.577,1.377,7.9,12.9,11.9,9.795,389.629,99
2018-09-03 02:10:00 UTC,24.072,58.89,101.566,1.632,8,13.1,12,4.965,388.495,99
2018-09-03 02:20:00 UTC,24.066,58.811,101.564,1.632,8.4,13.6,12.6,3.663,387.621,99
2018-09-03 02:30:00 UTC,23.988,58.871,101.548,1.428,7.7,13.1,11.5,6.579,388.209,99
2018-09-03 02:40:00 UTC,23.94,59.053,101.545,1.581,8,13.6,12.4,6.84,389.708,99
2018-09-03 02:50:00 UTC,23.94,59.273,101.552,1.581,8.1,13.2,12.7,10.907,391.948,99
2018-09-03 03:00:00 UTC,23.964,59.294,101.557,1.53,7.8,13.4,12.1,17.146,392.116,99
2018-09-03 03:10:00 UTC,23.91,58.361,101.539,1.683,9.5,15.3,14.1,14.537,391.769,99
2018-09-03 03:20:00 UTC,23.873,57.415,101.537,1.428,9.8,14.9,14.3,13.765,390.277,99
2018-09-03 03:30:00 UTC,23.817,57.073,101.53,1.581,10.2,16.3,15.3,6.531,386.293,99
2018-09-03 03:40:00 UTC,23.792,56.842,101.525,1.734,11.1,16.9,15.6,7.112,388.595,99
2018-09-03 03:50:00 UTC,23.756,56.455,101.52,1.428,11,16.9,15.8,6.741,386.617,99
2018-09-03 04:00:00 UTC,23.75,56.322,101.52,1.581,10.8,16.8,15.5,6.764,388.703,99
2018-09-03 04:10:00 UTC,23.732,56.013,101.512,1.683,10.7,16.7,15.2,8.561,390.141,99
2018-09-03 04:20:00 UTC,23.726,55.882,101.502,1.581,11,17.6,16.2,9.902,389.128,99
2018-09-03 04:30:00 UTC,23.689,55.749,101.493,1.734,11.3,17.7,16,10.69,390.625,99
2018-09-03 04:40:00 UTC,23.701,55.748,101.487,1.479,11.5,17.5,16.4,14.017,390.253,99
2018-09-03 04:50:00 UTC,23.726,55.833,101.482,1.581,12.5,18.6,17.4,16.218,390.478,99
2018-09-03 05:00:00 UTC,23.669,55.682,101.462,1.581,12.6,20.4,18.1,15.637,382.573,99
2018-09-03 05:10:00 UTC,23.578,55.655,101.436,1.53,12.6,19.7,18.2,6.06,386.992,99
2018-09-03 05:20:00 UTC,23.6133333333333,55.78,101.444444444444,1.53,12.7777777777778,19.7777777777778,18.6666666666667,9.78111111111111,388.068888888889,99
2018-09-03 05:30:00 UTC,23.584,55.723,101.44,1.479,11.3,18.6,16.8,8.154,387.926,99
2018-09-03 05:40:00 UTC,23.59,55.807,101.439,1.734,13.2,20.3,19,3.721,386.123,99
2018-09-03 05:50:00 UTC,23.584,55.908,101.434,1.632,11.9,18.5,17.3,6.098,388.71,99
2018-09-03 06:00:00 UTC,23.518,55.965,101.426,1.377,11.6,18.2,16.9,4.004,386.564,99
2018-09-03 06:10:00 UTC,23.59,56.108,101.423,1.683,12.6,19.7,18.1,6.428,387.227,99
2018-09-03 06:20:00 UTC,23.62,56.169,101.421,1.53,20.2,28.7,26.5,6.059,385.102,99
2018-09-03 06:30:00 UTC,23.676,56.187,101.418,1.785,12.2,19.1,18,6.324,385.252,99
2018-09-03 06:40:00 UTC,23.649,56.143,101.418,1.836,12.1,19.2,17.7,7.525,387.157,99
2018-09-03 06:50:00 UTC,23.683,56.273,101.419,1.917,12.6,19.8,18.3,5.424,384.29,99
2018-09-03 07:00:00 UTC,23.69,56.247,101.423,4.368,12.9,20.1,18.5,2.431,380.191,99
2018-09-03 07:10:00 UTC,23.744,56.219,101.429,15.247,13.7,20.9,19.5,0.748,376.44,99
2018-09-03 07:20:00 UTC,23.826,56.214,101.444,26.104,13.7,22.3,20.5,1.477,377.178,99
2018-09-03 07:30:00 UTC,23.845,56.253,101.43,48.657,13.8,22.8,20.9,0.539,376.737,99
2018-09-03 07:40:00 UTC,23.87,56.268,101.422,156.82,13.7,21.3,19.7,0.015,372.725,99
2018-09-03 07:50:00 UTC,23.884,56.314,101.425,224.684,14.6,23.1,21.5,0.2,376.58,99
2018-09-03 08:00:00 UTC,23.844,56.887,101.423,255.694,14.5,22.6,21,0.084,378.63,99
2018-09-03 08:10:00 UTC,24.188,56.891,101.43,289.414,16,24.7,23.1,0.003,376.704,99
2018-09-03 08:20:00 UTC,24.376,57.458,101.428,329.154,16.3,24.6,23,0.084,377.383,99
2018-09-03 08:30:00 UTC,24.6877777777778,57.8866666666667,101.442222222222,367.955555555556,14.6666666666667,22.7777777777778,20.6666666666667,0,373.975555555556,99
2018-09-03 08:40:00 UTC,24.75,58.136,101.45,436.243,14.2,21.2,20.1,0.278,379.304,99
2018-09-03 08:50:00 UTC,24.763,58.693,101.445,476.533,15.7,23.5,22.4,0.315,380.756,99
2018-09-03 09:00:00 UTC,24.7011111111111,59.2111111111111,101.457777777778,557.482222222222,14.1111111111111,21.6666666666667,19.5555555555556,0.533333333333333,383.178888888889,99
2018-09-03 09:10:00 UTC,24.956,59.625,101.45,470.787,13.3,19.8,19,0.259,408.587,99
2018-09-03 09:20:00 UTC,25.6466666666667,58.8266666666667,101.443333333333,574.766666666667,13.6666666666667,20.6666666666667,19.3333333333333,0,398.816666666667,99
2018-09-03 09:30:00 UTC,25.524,59.106,101.431,626.174,11.2,17.9,16.5,0,396.378,99
2018-09-03 09:40:00 UTC,25.557,58.997,101.436,721.282,14.1,22.3,20.4,0.155,396.898,99
2018-09-03 09:50:00 UTC,25.618,58.841,101.441,647.892,12.7,19.8,18.5,0,387.124,99
2018-09-03 10:00:00 UTC,25.736,59.229,101.462,511.356,24.2,82.1,56.9,1.07,385.995,99
2018-09-03 10:10:00 UTC,25.902,59.089,101.473,542.687,11.9,19.6,17.9,4.564,389.653,99
2018-09-03 10:20:00 UTC,26.161,58.72,101.48,801.577,11.3,18.9,17.2,1.158,383.346,99
2018-09-03 10:30:00 UTC,26.03,58.722,101.504,1190.97,11.5,17.6,16.5,9.161,389.609,99
2018-09-03 10:40:00 UTC,25.975,58.902,101.507,1084.886,11.9,19,17.6,11.658,391.297,99
2018-09-03 10:50:00 UTC,26.0488888888889,59.6288888888889,101.507777777778,1080.02555555556,10.6666666666667,17,15.7777777777778,22.5922222222222,392.088888888889,99
2018-09-03 11:00:00 UTC,25.955,59.844,101.528,1128.768,11.8,18.4,17.2,18.552,392.049,99
2018-09-03 11:10:00 UTC,26.362,59.713,101.534,1141.889,12.3,19.3,17.7,15.57,390.471,99
2018-09-03 11:20:00 UTC,26.2,59.328,101.535,1109.186,12.6,20,18.7,20.658,392.173,99
2018-09-03 11:30:00 UTC,25.8228571428571,60.1071428571429,101.522857142857,933.607142857143,10.8571428571429,17.2857142857143,16.1428571428571,19.1928571428571,392.98,99
2018-09-03 11:40:00 UTC,25.7977777777778,60.5088888888889,101.512222222222,701.735555555555,11.1111111111111,17.5555555555556,16,18.1322222222222,392.082222222222,99
2018-09-03 11:50:00 UTC,25.882,60.742,101.517,777.292,11.6,18.9,17.3,15.937,390.494,99
2018-09-03 12:00:00 UTC,26.1933333333333,60.7811111111111,101.493333333333,880.581111111111,13.6666666666667,23.6666666666667,21.5555555555556,12.14,390.896666666667,99
2018-09-03 12:10:00 UTC,26.286,61.03,101.485,943.788,12.4,19.7,18.3,20.838,392.117,99
2018-09-03 12:20:00 UTC,26.587,61.107,101.474,1114.703,11.7,19.2,17.5,20.24,392.388,99
2018-09-03 12:30:00 UTC,26.713,61.245,101.466,1218.443,11.6,18.2,17.1,22.009,391.161,99
2018-09-03 12:40:00 UTC,26.749,61.233,101.472,1342.013,11.8,19.3,17.5,27.435,392.953,99
2018-09-03 12:50:00 UTC,26.5477777777778,61.2488888888889,101.467777777778,1474.71555555556,13.5555555555556,20.4444444444444,19.5555555555556,29.6244444444444,392.52,99
2018-09-03 13:00:00 UTC,26.9225,61.59125,101.48375,1484.8475,12.625,20.125,18.5,33.3425,391.91375,99
2018-09-03 13:10:00 UTC,26.9588888888889,61.2322222222222,101.485555555556,1863.50111111111,11.3333333333333,17.8888888888889,16.6666666666667,29.5122222222222,391.694444444445,99
2018-09-03 13:20:00 UTC,26.9377777777778,60.8822222222222,101.474444444444,1911.86333333333,11.7777777777778,20.2222222222222,17.8888888888889,31.9333333333333,392.077777777778,99
2018-09-03 13:30:00 UTC,26.821,60.573,101.465,1490.642,11.2,17,16.1,32.154,392.995,99
2018-09-03 13:40:00 UTC,26.1844444444444,61.2788888888889,101.452222222222,1507.80222222222,10.3333333333333,17.3333333333333,15.3333333333333,35.0055555555556,392.822222222222,99
2018-09-03 13:50:00 UTC,26.7855555555556,61.2055555555556,101.438888888889,1802.25888888889,12,18.6666666666667,17.2222222222222,30.1577777777778,392.223333333333,99
2018-09-03 14:00:00 UTC,27.238,60.712,101.434,2167.31,13.2,21.8,20.2,24.375,391.185,99
2018-09-03 14:10:00 UTC,27.6025,59.92125,101.43625,2013.30125,13.125,19.5,18.25,19.31125,389.4875,99
2018-09-03 14:20:00 UTC,26.975,59.275,101.425,2061.519,10.6,16.6,15.3,49.54,397.889,99
2018-09-03 14:30:00 UTC,27.412,59.177,101.457,2633.091,11,16.4,15.5,34.23,391.096,99
2018-09-03 14:40:00 UTC,27.494,58.604,101.46,2191.279,11.1,17.6,15.9,29.414,390.196,99
2018-09-03 14:50:00 UTC,26.951,58.313,101.463,1782.006,10.7,16.5,15.5,26.984,390.659,99
2018-09-03 15:00:00 UTC,26.969,58.267,101.455,1787.793,11.7,18.5,17.2,30.608,391.52,99
2018-09-03 15:10:00 UTC,27.2688888888889,58.3166666666667,101.442222222222,2094.42777777778,10.2222222222222,15.2222222222222,14.7777777777778,29.8111111111111,391.568888888889,99
2018-09-03 15:20:00 UTC,27.1733333333333,58.5155555555556,101.425555555556,1973.37444444444,9.66666666666667,15,14,37.3033333333333,391.82,99
2018-09-03 15:30:00 UTC,26.724,58.527,101.407,1835.388,10.6,16.2,15.3,32.907,391.205,99
2018-09-03 15:40:00 UTC,27.057,58.707,101.369,2099.756,10.6,15.7,14.8,28.672,391.003,99
2018-09-03 15:50:00 UTC,26.8822222222222,58.8955555555556,101.333333333333,2485.08888888889,11.8888888888889,17.4444444444444,16.6666666666667,37.72,392.692222222222,99
2018-09-03 16:00:00 UTC,26.5333333333333,58.8777777777778,101.308888888889,1455.82777777778,12.4444444444444,19,17.6666666666667,31.8122222222222,392.09,99
2018-09-03 16:10:00 UTC,26.1866666666667,59.3077777777778,101.352222222222,846.548888888889,11.2222222222222,16.2222222222222,15.3333333333333,32.0177777777778,392.56,99
2018-09-03 16:20:00 UTC,25.942,59.926,101.42,743.441,11,16,14.9,35.252,392.6,99
2018-09-03 16:30:00 UTC,26.0466666666667,60.5611111111111,101.417777777778,889.263333333333,10.5555555555556,16.3333333333333,14.8888888888889,33.0788888888889,392.093333333333,99
2018-09-03 16:40:00 UTC,25.882,61.682,101.457,639.985,11.8,18.6,17.2,35.351,393.786,99
2018-09-03 16:50:00 UTC,25.8677777777778,62.5544444444444,101.452222222222,494.145555555556,10.5555555555556,16.4444444444444,15.1111111111111,29.4022222222222,391.624444444444,99
2018-09-03 17:00:00 UTC,25.8277777777778,63.03,101.408888888889,636.867777777778,11.3333333333333,17.5555555555556,16.1111111111111,37.16,394.198888888889,99
2018-09-03 17:10:00 UTC,25.8611111111111,62.3577777777778,101.367777777778,1027.13111111111,11.6666666666667,18.4444444444444,16.6666666666667,26.4455555555556,392.097777777778,99
2018-09-03 17:20:00 UTC,26.0211111111111,63.1633333333333,101.364444444444,1561.75333333333,9.66666666666667,15.5555555555556,14,30.0333333333333,392.61,99
2018-09-03 17:30:00 UTC,26.46,61.07875,101.3625,1000.595,10,14.875,14.25,30.43,391.7675,99
2018-09-03 17:40:00 UTC,26.7277777777778,58.2588888888889,101.317777777778,737.477777777778,9.77777777777778,15.4444444444444,14.3333333333333,43.41,399.456666666667,99
2018-09-03 17:50:00 UTC,26.776,58.61,101.256,1211.465,9.9,15.3,14.4,29.819,391.814,99
2018-09-03 18:00:00 UTC,26.808,58.193,101.227,1051.571,9.3,14.9,14,19.354,391.366,99
2018-09-03 18:10:00 UTC,26.58,57.843,101.189,794.498,9.7,16,14.8,29.185,392.929,99
2018-09-03 18:20:00 UTC,26.47,57.547,101.156,637.843,9.4,14.9,13.9,27.714,391.725,99
2018-09-03 18:30:00 UTC,26.383,57.129,101.114,561.022,9.8,15.3,14.1,26.588,392.819,99
2018-09-03 18:40:00 UTC,26.455,56.45125,101.09,538.48625,9.625,15.5,14.25,26.9325,391.5975,99
2018-09-03 18:50:00 UTC,26.373,59.159,101.116,606.126,10.1,15.8,14.6,24.884,392.677,99
2018-09-03 19:00:00 UTC,25.8555555555556,61.6155555555556,101.187777777778,440.074444444444,10,16.1111111111111,14.6666666666667,30.2977777777778,392.433333333333,99
2018-09-03 19:10:00 UTC,25.5744444444444,61.7111111111111,101.22,226.482222222222,9.77777777777778,15.4444444444444,14.1111111111111,23.17,389.942222222222,99
2018-09-03 19:20:00 UTC,25.4866666666667,61.4488888888889,101.236666666667,254.068888888889,9.55555555555556,14.7777777777778,13.3333333333333,5.15777777777778,386.112222222222,99
2018-09-03 19:30:00 UTC,25.35,61.795,101.256,303.758,9.5,14.3,13.2,24.219,393.559,99
2018-09-03 19:40:00 UTC,25.1088888888889,61.29,101.287777777778,234.168888888889,9.44444444444444,14.5555555555556,13.8888888888889,24.6888888888889,393.273333333333,99
2018-09-03 19:50:00 UTC,25.006,60.871,101.33,130.527,10.2,15.9,14.9,32.896,395.291,99
2018-09-03 20:00:00 UTC,24.94,60.8471428571429,101.371428571429,74.7071428571429,10.8571428571429,16.8571428571429,15.4285714285714,29.56,394.968571428571,99
2018-09-03 20:10:00 UTC,24.964,61.274,101.406,44.247,11.6,17.9,16.6,48.661,402.804,99
2018-09-03 20:20:00 UTC,24.94,60.73,101.42,23.464,12,17.6,16.6,20.381,391.603,99
2018-09-03 20:30:00 UTC,24.788,60.254,101.433,9.341,10.8,16.7,15.4,5.671,390.202,99
2018-09-03 20:40:00 UTC,24.781,60.787,101.473,2.214,11.6,17.1,16.1,12.81,392.297,99
2018-09-03 20:50:00 UTC,24.732,61.4,101.496,1.785,11.1,17.3,16,11.839,392.343,99
2018-09-03 21:00:00 UTC,24.762,61.741,101.509,1.683,11.4,17.3,16.4,19.682,394.395,99
2018-09-03 21:10:00 UTC,24.695,61.614,101.494,1.428,12.4,18.6,17.5,29.294,393.588,99
2018-09-03 21:20:00 UTC,24.756,61.714,101.517,1.632,12.7,19.5,18.2,28.241,393.679,99
2018-09-03 21:30:00 UTC,24.75,61.997,101.542,1.632,12.2,18.5,17.2,32.023,394.173,99
2018-09-03 21:40:00 UTC,24.792,62.171,101.534,1.428,13.1,19.5,18.2,23.313,392.596,99
2018-09-03 21:50:00 UTC,24.792,62.248,101.539,1.683,12,18.4,17.3,29.275,392.845,99
2018-09-03 22:00:00 UTC,24.714,62.67,101.534,1.632,14.5,21.5,20.4,31.888,394.365,99
2018-09-03 22:10:00 UTC,24.774,62.953,101.55,1.581,11.6,18.3,17,23.554,392.732,99
2018-09-03 22:20:00 UTC,24.798,63.291,101.536,1.734,12.7,19.5,18.5,30.599,394.452,99
2018-09-03 22:30:00 UTC,24.852,63.308,101.556,1.479,17.5,25.2,23.5,31.475,393.386,99
2018-09-03 22:40:00 UTC,24.792,63.72,101.572,1.632,12,19,17.9,40.609,394.19,99
2018-09-03 22:50:00 UTC,24.845,63.874,101.531,1.785,12.6,19.6,18.5,33.971,394.143,99
2018-09-03 23:00:00 UTC,24.839,63.852,101.514,1.479,12.5,19.7,18.2,34.654,393.714,99
2018-09-03 23:10:00 UTC,24.884,64.312,101.511,1.581,11.6,18,17.2,31.439,393.468,99
2018-09-03 23:20:00 UTC,24.873,64.579,101.491,1.785,11.3,18.7,17.4,36.602,394.831,99
2018-09-03 23:30:00 UTC,24.94,64.705,101.465,1.581,11.1,17.8,16.7,29.139,392.54,99
2018-09-03 23:40:00 UTC,24.844,65.654,101.421,1.836,11.3,18.5,16.7,36.787,394.723,99
2018-09-03 23:50:00 UTC,24.831,66.09,101.39,1.479,11.3,19.3,17.6,33.921,393.928,99
2018-09-04 00:00:00 UTC,24.904,66.403,101.399,1.581,11.8,18.7,17.4,16.65,391.105,99
2018-09-04 00:10:00 UTC,24.886,66.186,101.39,1.785,11,16.9,16.1,23.091,393.523,99
2018-09-04 00:20:00 UTC,24.884,65.954,101.383,1.581,10.7,18,16.5,12.133,390.239,99
2018-09-04 00:30:00 UTC,24.922,66.068,101.39,1.632,10.9,18,16.5,15.03,391.601,99
2018-09-04 00:40:00 UTC,24.873,65.03,101.389,1.581,13.2,20.5,19.3,7.835,388.558,99
2018-09-04 00:50:00 UTC,24.792,65.138,101.401,1.53,14.2,21.3,20.2,15.932,391.756,99
2018-09-04 01:00:00 UTC,24.817,65.108,101.38,1.785,14.9,22.2,21,5.139,388.441,99
2018-09-04 01:10:00 UTC,24.852,65.043,101.369,1.581,13.8,22.2,20.1,8.909,390.437,99
2018-09-04 01:20:00 UTC,24.91,64.638,101.345,1.428,13.2,21,19.4,5.419,387.898,99
2018-09-04 01:30:00 UTC,24.946,64.551,101.33,1.734,12.3,19.8,18.5,3.067,388.889,99
2018-09-04 01:40:00 UTC,24.934,64.704,101.325,1.479,12.4,19.9,18.3,5.306,389.429,99
2018-09-04 01:50:00 UTC,24.946,64.511,101.307,1.683,10.9,18.4,17.1,11.211,390.129,99
2018-09-04 02:00:00 UTC,24.988,64.452,101.308,1.479,11.5,19.5,17.9,4.881,387.404,99
2018-09-04 02:10:00 UTC,24.892,64.739,101.284,1.479,14.1,22.3,20.7,4.119,387.452,99
2018-09-04 02:20:00 UTC,24.732,63.28,101.284,1.785,15.3,24.3,21.9,1.358,380.824,99
2018-09-04 02:30:00 UTC,24.702,62.854,101.292,1.53,16,26.4,23.9,4.678,388.538,99
2018-09-04 02:40:00 UTC,24.566,61.834,101.272,1.479,17.3,28.4,26.5,6.321,386.743,99
2018-09-04 02:50:00 UTC,24.428,60.667,101.26,1.785,19.3,32.8,29.6,3.789,383.723,99
2018-09-04 03:00:00 UTC,24.379,60.248,101.266,1.53,19,31.2,29.2,6.883,387.781,99
2018-09-04 03:10:00 UTC,24.358,60.187,101.27,1.632,18.8,30.9,28.5,8.597,386.757,99
2018-09-04 03:20:00 UTC,24.365,59.843,101.273,1.581,19.4,31.6,29.4,3.892,383.231,99
2018-09-04 03:30:00 UTC,24.287,60.245,101.256,1.377,19.5,32,30.1,6.907,387.395,99
2018-09-04 03:40:00 UTC,24.324,60.169,101.255,1.632,19.1,31.6,29.6,8.461,386.613,99
2018-09-04 03:50:00 UTC,24.305,59.998,101.241,1.581,18.8,31.9,29.3,2.568,381.42,99
2018-09-04 04:00:00 UTC,24.366,60.035,101.243,1.377,18.9,30.9,28.8,5.396,384.695,99
2018-09-04 04:10:00 UTC,24.392,59.919,101.251,1.632,18.2,28.8,27.4,6.345,386.123,99
2018-09-04 04:20:00 UTC,24.416,59.949,101.251,1.479,18.2,29.6,28,9.162,387.839,99
2018-09-04 04:30:00 UTC,24.416,59.865,101.27,1.581,18.1,29.6,27.3,7.872,385.935,99
2018-09-04 04:40:00 UTC,24.458,59.912,101.279,1.632,17.9,28.7,27.4,7.548,385.834,99
2018-09-04 04:50:00 UTC,24.434,59.842,101.274,1.428,17.6,29.1,27.2,13.906,388.727,99
2018-09-04 05:00:00 UTC,24.512,59.856,101.289,1.632,17.5,28.7,26.7,28.82,379.831,99
2018-09-04 05:10:00 UTC,24.578,59.964,101.287,1.53,18.7,30.8,28.4,11.04,385.779,99
2018-09-04 05:20:00 UTC,24.5333333333333,60.4777777777778,101.288888888889,1.53,18.3333333333333,30.1111111111111,28.5555555555556,10.3655555555556,385.462222222222,99
2018-09-04 05:30:00 UTC,24.488,61.044,101.282,1.428,18.1,30.2,28.1,9.069,383.166,99
2018-09-04 05:40:00 UTC,24.416,61.909,101.297,1.683,20.7,34.2,31.6,4.167,374.511,99
2018-09-04 05:50:00 UTC,24.288,62.8,101.298,1.53,22.9,39.1,36.6,2.953,373.236,99
2018-09-04 06:00:00 UTC,24.306,62.848,101.282,1.428,23.3,38.8,35.8,0.965,368.116,99
2018-09-04 06:10:00 UTC,24.358,63.096,101.285,1.683,25.4,42.7,39.4,1.073,371.945,99
2018-09-04 06:20:00 UTC,24.428,63.215,101.287,1.377,25.3,42.6,39.2,0.374,365.538,99
2018-09-04 06:30:00 UTC,24.331,63.411,101.288,1.683,24.1,40.8,37.4,0.652,366.896,99
2018-09-04 06:40:00 UTC,24.262,63.345,101.281,1.734,23.4,39,36.1,0.204,365.439,99
2018-09-04 06:50:00 UTC,24.304,63.505,101.283,1.932,23.1,39.1,36.1,0.27,365.171,99
2018-09-04 07:00:00 UTC,24.403,63.189,101.302,3.153,24.1,40.4,37.3,0.057,361.634,99
2018-09-04 07:10:00 UTC,24.494,63.089,101.318,9.574,23,39.1,35.9,0.106,364.988,99
2018-09-04 07:20:00 UTC,24.56,62.239,101.328,28.158,22.7,37.3,35,0,365.41,99
2018-09-04 07:30:00 UTC,24.463,61.758,101.35,46.299,22.8,37,34.4,0.006,361.979,99
2018-09-04 07:40:00 UTC,24.379,61.391,101.366,61.988,23,38.3,34.8,0.035,361.364,99
2018-09-04 07:50:00 UTC,24.41,61.255,101.374,71.947,23.4,38.9,35.5,0.013,361.294,99
2018-09-04 08:00:00 UTC,24.482,61.253,101.382,104.757,23.6,40,36.7,0.136,365.289,99
2018-09-04 08:10:00 UTC,24.572,61.267,101.383,222.323,23.4,38.4,35.6,0.202,364.438,99
2018-09-04 08:20:00 UTC,24.707,61.602,101.383,292.638,25,41,37.5,0.411,367.486,99
2018-09-04 08:30:00 UTC,24.682,62.024,101.381,360.146,21.6,35.2,32.7,0.512,367.307,99
2018-09-04 08:40:00 UTC,24.682,61.256,101.379,375.491,23.4,38.3,35.4,0.211,368.183,99
2018-09-04 08:50:00 UTC,24.706,60.727,101.368,402.477,22.8,38.2,35.2,0,365.524,99
2018-09-04 09:00:00 UTC,24.951,60.626,101.353,361.438,22.7,37,34.2,0,364.947,99
2018-09-04 09:10:00 UTC,25.069,60.276,101.353,405.143,23.5,37.8,35.1,0,365.445,99
2018-09-04 09:20:00 UTC,25.206,59.9,101.355,454.418,23.5,37.7,34.8,0,363.692,99
2018-09-04 09:30:00 UTC,25.588,59.474,101.33,315.507,22.8,38.4,35.7,0,363.097,99
2018-09-04 09:40:00 UTC,25.687,59.55,101.347,317.366,21.1,34.8,32.7,0.079,365.113,99
2018-09-04 09:50:00 UTC,25.834,59.253,101.369,473.439,20.6,34.6,31.5,0.05,371.887,99
2018-09-04 10:00:00 UTC,25.601,59.287,101.363,567.738,20.8,32.7,30.5,0.069,364.307,99
2018-09-04 10:10:00 UTC,26.32,59.555,101.378,516.638,21.5,35.2,32.5,0.158,368.751,99
2018-09-04 10:20:00 UTC,26.725,61.013,101.369,730.871,17.5,28.5,26,0.447,371.851,99
2018-09-04 10:30:00 UTC,26.7,60.328,101.366,453.87,21.1,33.6,31.6,1.726,377.567,99
2018-09-04 10:40:00 UTC,26.567,60.175,101.375,481.997,16.5,27.2,25.2,9.569,389.204,99
2018-09-04 10:50:00 UTC,26.5,60.4955555555556,101.377777777778,584.726666666667,15.8888888888889,25,24.1111111111111,16.4155555555556,391.54,99
2018-09-04 11:00:00 UTC,26.762,59.863,101.388,348.43,15,24.6,23.1,18.336,390.412,99
2018-09-04 11:10:00 UTC,27.0628571428571,59.7242857142857,101.394285714286,312.617142857143,16.5714285714286,27.4285714285714,25.4285714285714,13.69,390.925714285714,99
2018-09-04 11:20:00 UTC,27.025,59.435,101.403,322.081,14.9,24,22.9,17.165,390.862,99
2018-09-04 11:30:00 UTC,27.1788888888889,59,101.404444444444,321.111111111111,17,28.1111111111111,26.2222222222222,17.5377777777778,391.41,99
